{"cameraMode":{"drawMode":0,"name":"Shaded","section":"Shading Mode"},"sceneLighting":true,"audioPlay":false,"sceneViewState":{"m_AlwaysRefresh":false,"showFog":true,"showSkybox":true,"showFlares":false,"showImageEffects":true,"showParticleSystems":true,"showVisualEffectGraphs":false,"m_FxEnabled":true},"in2DMode":false,"pivot":{"x":27.222389221191408,"y":-2.0889945030212404,"z":-7.205045700073242},"rotation":{"x":0.047721344977617267,"y":0.7603198885917664,"z":-0.05622193217277527,"w":0.6453673243522644},"size":15.965283393859864,"orthographic":false}