{"cameraMode":{"drawMode":0,"name":"Shaded","section":"Shading Mode"},"sceneLighting":false,"audioPlay":false,"sceneViewState":{"m_AlwaysRefresh":false,"showFog":true,"showSkybox":false,"showFlares":false,"showImageEffects":true,"showParticleSystems":true,"showVisualEffectGraphs":false,"m_FxEnabled":true},"in2DMode":false,"pivot":{"x":2.909714937210083,"y":0.2936080992221832,"z":0.03965006768703461},"rotation":{"x":0.03477456793189049,"y":-0.9650625586509705,"z":0.19242554903030396,"w":0.17440679669380189},"size":2.345642328262329,"orthographic":false}