{"cameraMode":{"drawMode":0,"name":"Shaded","section":"Shading Mode"},"sceneLighting":false,"audioPlay":false,"sceneViewState":{"m_AlwaysRefresh":false,"showFog":true,"showSkybox":false,"showFlares":false,"showImageEffects":true,"showParticleSystems":true,"showVisualEffectGraphs":false,"m_FxEnabled":true},"in2DMode":false,"pivot":{"x":-1.0499950647354127,"y":0.16645941138267518,"z":1.8282759189605713},"rotation":{"x":0.00725400960072875,"y":0.9832425117492676,"z":-0.1777123659849167,"w":0.04014196619391441},"size":1.3604989051818848,"orthographic":false}